Bait_Gene,Prey_Gene,Prey_UniProt,ipSAE,iPTM,Interface_pLDDT,PAE_Contacts_<3A,Confidence
BBS5,ENTR1,Q96C92,0.5870666,0.66,85.55445,50.0,Medium
ARL6,DYNC2LI1,Q8TCX1,0.56956,0.79,83.67035,29.0,Medium
IFT56,DNAJC8,O75937,0.5647609,0.58,85.88395,46.0,Medium
TULP3,RFX7,Q2KHR2,0.5293746,0.58,81.81356,32.0,Medium
IFT27,KCTD10,Q9H3F6,0.5245273,0.74,87.115746,30.0,Medium
BBS17,CBY1,Q9Y3M2,0.5200317,0.49,87.733116,64.0,Medium
TULP3,GALR2,O43603,0.5134987,0.54,79.53128,43.0,Medium
TULP3,AMOTL2,Q9Y2J4,0.5120091,0.54,83.09285,36.0,Medium
